{"cameraMode":{"drawMode":0,"name":"Shaded","section":"Shading Mode"},"sceneLighting":false,"audioPlay":false,"sceneViewState":{"m_AlwaysRefresh":true,"showFog":true,"showSkybox":false,"showFlares":true,"showImageEffects":true,"showParticleSystems":true,"showVisualEffectGraphs":true,"m_FxEnabled":true},"in2DMode":false,"pivot":{"x":-1.1920928955078126e-7,"y":0.8643995523452759,"z":-0.0560341477394104},"rotation":{"x":-0.24006550014019013,"y":0.5862904787063599,"z":-0.18721865117549897,"w":-0.7508988380432129},"size":1.4328134059906006,"orthographic":false}