{"cameraMode":{"drawMode":0,"name":"Shaded","section":"Shading Mode"},"sceneLighting":true,"audioPlay":false,"sceneViewState":{"m_AlwaysRefresh":true,"showFog":true,"showSkybox":true,"showFlares":true,"showImageEffects":true,"showParticleSystems":true,"showVisualEffectGraphs":true,"m_FxEnabled":true},"in2DMode":false,"pivot":{"x":-7.713924407958984,"y":7.514785289764404,"z":-16.043821334838868},"rotation":{"x":0.28669971227645876,"y":0.7039933204650879,"z":-0.38413870334625246,"w":0.5243682265281677},"size":2.0660252571105959,"orthographic":false}