{"cameraMode":{"drawMode":0,"name":"Shaded","section":"Shading Mode"},"sceneLighting":true,"audioPlay":false,"sceneViewState":{"m_AlwaysRefresh":true,"showFog":true,"showSkybox":true,"showFlares":true,"showImageEffects":true,"showParticleSystems":true,"showVisualEffectGraphs":true,"m_FxEnabled":true},"in2DMode":false,"pivot":{"x":-8.830221176147461,"y":17.489540100097658,"z":-19.270017623901368},"rotation":{"x":0.004470265004783869,"y":-0.29519912600517275,"z":0.0018103673355653883,"w":0.9555894136428833},"size":2.0660252571105959,"orthographic":false}