{"cameraMode":{"drawMode":0,"name":"Shaded","section":"Shading Mode"},"sceneLighting":false,"audioPlay":false,"sceneViewState":{"m_AlwaysRefresh":true,"showFog":true,"showSkybox":false,"showFlares":true,"showImageEffects":true,"showParticleSystems":true,"showVisualEffectGraphs":true,"m_FxEnabled":true},"in2DMode":false,"pivot":{"x":0.31776463985443118,"y":1.2961719036102296,"z":-0.38404154777526858},"rotation":{"x":-0.019160011783242227,"y":0.9639090895652771,"z":-0.07121597975492478,"w":-0.2563372850418091},"size":1.4439542293548585,"orthographic":false}